0,843,74,861,49,822,55,882,62,801,65,944,140,779,149,1035,235,685,188,1050,174,612,209,904,412,806,401,933,555,815,489,966,612,833,612
1,821,56,837,39,803,42,848,43,773,48,886,107,754,126,984,131,668,178,1022,147,595,207,878,377,795,377,890,488,784,474,921,581,786,572
2,819,56,836,37,800,37,850,40,772,41,894,112,751,121,975,137,663,176,983,151,591,207,876,378,784,382,895,498,785,486,916,588,794,587
3,829,60,838,43,812,50,851,40,784,52,902,105,761,127,1015,115,682,174,1129,114,606,207,897,347,813,351,909,442,810,465,914,547,809,568
4,827,62,837,47,810,50,848,45,786,57,898,111,765,133,1015,116,689,179,1128,109,601,211,893,345,811,345,907,450,803,464,925,551,806,570
5,823,64,834,48,806,52,849,48,784,58,901,109,763,137,1013,115,690,177,1126,113,602,209,892,345,808,345,907,453,803,464,921,547,806,569
6,824,59,834,41,806,48,850,41,783,55,901,105,758,130,1014,111,687,175,1131,111,601,203,895,342,808,342,908,449,801,458,921,544,808,563
7,823,62,832,45,805,49,842,45,778,58,892,112,759,133,1009,118,688,173,1120,108,596,202,887,344,806,344,898,450,799,463,909,546,801,569
8,823,60,833,44,806,50,840,46,781,57,895,110,759,134,1007,115,685,176,1116,115,596,198,887,342,805,342,900,452,798,464,910,547,800,567
9,825,61,835,45,808,51,842,45,782,56,896,108,760,133,1007,114,686,174,1120,114,596,196,887,342,806,343,904,449,799,463,914,549,803,567
10,827,61,837,45,812,51,841,45,783,56,894,107,759,133,1005,119,685,174,1117,111,594,196,887,342,805,342,903,448,798,462,912,545,801,568
11,807,88,816,73,790,77,824,75,761,83,873,137,740,159,992,146,657,199,1101,139,572,216,870,369,789,368,883,489,783,503,893,596,781,614
12,771,103,782,87,756,92,796,89,732,101,841,152,711,176,953,164,632,217,1054,155,550,235,844,367,762,375,859,486,762,500,875,593,764,622
13,780,89,791,73,765,78,807,74,743,88,857,141,720,161,962,149,631,203,1063,145,549,227,852,372,770,375,874,485,768,501,884,589,769,617
14,728,115,739,103,711,104,758,110,692,117,802,176,674,195,907,182,595,234,1015,173,505,254,804,392,726,398,824,506,726,522,832,616,731,641
15,704,118,713,102,687,107,731,104,664,115,784,162,649,191,889,172,566,229,990,165,479,257,791,384,710,392,808,498,709,517,821,598,716,631
16,686,112,696,94,668,100,715,97,646,112,764,158,631,186,873,166,551,227,971,159,465,252,775,374,695,382,790,492,697,512,810,593,700,627
17,677,111,687,95,659,100,709,98,642,112,756,158,629,186,864,167,546,225,964,162,456,250,764,376,689,384,786,491,690,510,809,593,699,629
18,679,113,689,99,663,103,709,100,643,113,757,158,633,187,868,163,545,227,971,160,459,252,763,377,688,383,793,494,694,510,815,599,702,632
19,690,110,700,92,672,98,719,94,651,108,772,158,640,183,880,159,550,222,983,158,463,246,774,379,701,386,802,492,707,510,827,596,713,626
20,696,108,706,91,680,96,728,91,660,105,776,156,645,183,889,157,555,223,992,147,471,247,783,380,705,386,813,495,713,513,841,598,719,633
21,705,109,715,91,688,97,736,92,668,105,786,156,654,183,898,159,563,223,999,157,478,248,792,381,714,387,819,491,724,508,848,599,727,630
22,706,109,717,92,689,97,741,91,671,104,788,155,658,183,898,161,569,225,1003,158,485,249,791,382,714,389,828,499,725,514,848,605,731,633
23,707,106,718,90,691,94,742,90,674,103,790,155,660,182,899,164,568,223,1005,157,481,247,795,384,717,391,828,499,727,516,851,605,731,635
24,715,105,725,89,699,93,747,87,678,101,797,154,664,180,908,160,572,219,1011,156,484,248,802,385,722,390,834,498,730,511,852,605,735,631
25,713,101,723,83,695,89,742,83,674,98,794,149,659,176,904,158,571,217,1010,157,486,247,796,383,719,389,828,495,728,508,855,604,738,627
26,706,98,716,81,689,87,736,79,664,94,789,146,654,175,899,158,564,219,1007,154,473,245,792,377,714,385,825,494,724,507,854,605,733,625
27,710,75,720,58,693,62,740,56,670,70,796,128,654,152,906,142,560,195,1018,136,477,227,800,367,719,375,832,485,729,500,861,592,732,613
28,709,75,719,57,690,62,739,56,669,71,795,124,653,154,907,141,560,200,1017,139,471,227,797,367,716,373,828,481,726,495,858,591,731,616
29,711,78,721,60,692,65,743,60,671,77,797,125,656,159,908,141,568,206,1019,141,470,234,803,365,723,373,838,485,737,501,867,595,746,621
30,710,98,720,80,692,85,740,80,669,95,797,146,659,180,908,159,565,220,1018,156,475,246,806,380,726,391,845,501,742,523,878,620,751,640
31,711,97,722,78,693,84,743,78,672,94,801,144,660,178,910,159,569,224,1021,151,475,253,807,384,727,396,847,505,744,525,878,619,750,645
32,708,89,718,72,689,75,741,72,670,87,796,138,655,172,914,147,562,219,1021,150,472,248,806,382,725,394,846,501,740,517,881,617,747,638
33,689,94,701,78,671,81,723,77,654,91,779,147,640,179,892,165,542,223,998,156,447,252,793,384,702,392,822,508,709,522,852,623,729,643
34,659,122,670,103,641,106,693,101,624,117,751,173,608,202,858,180,515,245,966,182,413,273,768,412,680,426,802,539,696,561,836,645,700,663
35,639,121,650,101,621,107,674,100,606,117,734,170,592,205,845,186,490,250,948,176,402,280,753,423,660,434,786,546,658,575,817,652,693,657
36,618,132,630,112,600,117,653,110,585,127,712,184,570,212,817,197,463,257,922,190,373,290,737,440,639,450,761,555,637,570,750,530,635,519
37,616,114,628,93,601,99,659,88,588,107,716,165,573,189,827,185,471,239,932,172,367,275,729,425,645,434,766,531,653,554,807,646,672,659
38,605,90,618,73,587,76,646,71,578,86,702,144,561,170,816,164,455,219,921,156,349,255,722,397,634,409,755,504,646,525,793,620,665,640
39,621,48,634,26,604,34,666,23,592,42,720,99,578,129,823,118,469,176,936,118,367,209,733,347,650,362,770,466,660,480,807,582,684,600
40,651,9,665,-9,636,-4,697,-11,624,4,757,68,605,98,872,89,500,146,978,90,392,178,768,326,676,337,796,453,687,467,832,562,703,576
41,638,-13,657,-30,625,-24,689,-23,615,-10,745,49,602,79,868,69,487,121,970,70,377,154,753,313,663,322,784,432,670,444,831,548,691,562
42,643,-1,659,-20,625,-16,688,-13,612,-1,743,57,595,91,858,81,481,134,962,86,366,166,744,319,654,329,780,445,658,453,817,564,680,570
43,614,10,630,-6,597,-2,661,-5,590,9,716,67,571,101,832,96,451,143,932,97,333,169,719,336,626,343,740,457,627,463,780,581,648,589
44,584,0,601,-18,570,-9,636,-11,564,0,687,65,545,97,820,93,427,135,911,89,309,163,694,335,599,341,709,464,599,470,756,589,631,593
45,553,20,569,1,535,5,604,3,527,15,657,86,508,112,764,114,389,154,873,116,262,180,660,359,568,367,678,480,571,481,726,602,602,607
46,530,57,545,36,511,39,579,35,504,51,635,116,485,147,735,151,356,183,840,141,232,208,639,391,550,399,661,514,558,519,709,633,587,643
47,511,78,525,55,494,62,560,48,484,69,615,129,464,160,723,155,346,202,821,158,212,230,624,417,531,431,644,535,542,543,692,653,576,656
48,507,114,523,96,494,99,561,97,493,106,614,167,467,198,737,197,344,236,825,189,216,259,625,461,532,469,647,579,544,582,673,648,564,652
49,516,129,530,110,500,114,565,107,493,123,615,181,473,208,728,208,343,241,818,211,219,263,622,479,529,484,645,602,539,596,656,628,562,636
50,539,125,554,106,521,110,586,106,510,120,634,179,490,207,739,206,361,243,833,204,229,252,648,483,555,488,681,610,571,620,690,630,588,630
51,572,148,587,129,558,132,623,135,549,145,672,207,523,229,778,241,403,263,870,227,268,271,674,508,585,516,713,638,609,641,729,645,649,728
52,599,145,615,127,586,129,653,132,581,140,703,205,557,225,813,238,439,257,907,239,301,265,699,506,609,511,725,632,630,640,762,766,648,666
53,604,122,622,103,592,103,658,106,587,116,702,186,560,201,803,217,440,235,905,224,301,243,701,494,614,494,723,609,626,625,739,641,638,665
54,624,126,641,108,609,111,675,113,599,122,723,197,574,211,834,225,448,241,923,226,320,249,718,500,628,505,744,624,644,632,755,635,657,680
55,635,119,652,100,619,102,685,105,604,114,730,183,578,202,825,219,462,235,930,219,321,239,725,490,633,494,751,623,657,630,779,763,672,726
56,633,100,650,81,619,83,686,88,606,95,729,169,578,183,842,199,447,206,933,208,312,218,713,468,624,471,735,590,642,595,768,670,653,668
57,634,85,654,65,620,67,689,70,610,75,730,153,583,164,834,184,455,195,931,192,320,200,714,453,627,452,733,583,631,579,760,667,652,653
58,625,97,644,80,612,78,680,85,605,88,716,161,576,173,813,203,454,200,918,212,314,210,713,458,620,462,731,594,630,593,756,730,650,684
59,643,103,662,86,631,87,695,90,623,93,739,164,587,177,830,215,464,202,935,235,336,211,727,471,632,473,749,603,645,608,793,755,662,717
60,697,87,720,70,687,72,761,76,686,81,806,168,650,167,945,212,521,188,999,224,387,187,776,470,688,470,796,610,696,623,835,747,712,664
61,705,64,722,43,690,45,757,49,687,55,807,133,650,142,897,182,527,164,991,209,386,156,773,450,683,443,784,561,687,553,811,647,692,643
62,724,65,744,45,712,46,783,54,711,54,836,147,671,144,964,187,551,161,1016,219,410,157,792,438,703,439,801,576,698,556,830,675,705,653
63,724,74,745,55,713,56,783,63,710,61,822,147,666,145,936,199,539,165,1017,234,406,155,787,452,687,448,788,602,687,591,794,725,690,667
64,715,124,735,109,705,107,777,117,699,115,818,200,662,199,943,259,544,209,993,281,409,203,778,513,680,509,786,651,682,649,819,742,687,721
65,703,130,723,111,693,111,762,119,691,118,803,206,653,202,938,260,530,211,988,287,392,204,765,518,663,514,773,655,672,653,795,722,683,654
66,695,137,717,120,684,118,757,131,677,128,796,216,646,210,910,271,530,225,971,295,385,219,761,529,658,524,769,656,666,652,788,723,675,667
67,696,137,718,119,684,118,758,131,676,128,796,216,645,210,911,273,527,222,970,297,386,219,758,531,654,526,763,654,663,652,789,725,673,717
68,696,135,718,117,686,116,759,129,683,125,797,215,646,206,921,273,521,218,969,295,388,208,753,533,651,527,758,656,663,657,776,722,677,697
69,694,135,714,117,682,115,758,129,679,125,797,216,644,205,921,273,523,216,968,295,386,214,758,531,653,525,764,654,662,653,789,726,674,719
70,699,142,721,125,690,123,759,135,689,131,800,220,646,215,913,277,532,225,973,295,389,217,761,536,659,532,769,655,676,651,769,672,693,676
71,711,137,731,118,699,117,776,129,695,126,817,217,659,206,951,273,534,215,992,288,403,207,777,534,675,530,785,658,690,657,784,671,695,691
72,713,134,734,115,702,115,777,128,695,124,817,205,661,202,943,271,536,214,993,285,404,205,776,528,676,523,784,657,685,654,807,721,690,694
73,713,139,734,124,704,122,779,132,700,129,820,217,665,209,956,272,539,223,1004,295,408,216,780,536,682,532,790,661,696,658,805,735,696,709
74,717,122,740,106,708,105,783,116,708,114,827,199,667,198,958,262,546,208,1013,280,412,200,782,517,684,513,794,653,695,648,833,746,699,720
75,726,86,748,69,715,68,795,78,715,77,837,176,673,165,970,219,552,176,1025,244,414,169,789,484,694,484,804,636,692,633,837,752,712,681
76,721,62,742,41,710,42,784,53,712,49,834,146,668,143,969,199,537,149,1011,221,397,146,785,455,690,451,795,603,689,582,831,727,693,655
77,717,26,739,9,707,8,780,20,699,18,824,111,662,107,945,162,529,115,1009,192,388,110,772,413,679,405,776,555,672,529,805,657,675,641
78,706,12,728,-5,694,-6,768,3,692,3,809,102,643,90,921,153,514,107,1001,186,378,95,756,404,660,395,762,537,649,503,784,669,660,636
79,707,10,730,-5,696,-3,776,2,695,5,819,104,656,90,952,149,520,105,1008,190,376,96,762,397,667,384,765,532,664,514,784,655,663,627
80,693,8,716,-11,682,-9,756,-2,680,1,799,89,638,86,912,144,510,101,996,185,367,92,751,391,653,384,749,527,647,510,776,663,652,632
81,704,1,726,-15,691,-14,765,-3,688,0,809,87,643,83,920,142,513,100,1014,178,370,96,758,391,657,383,757,527,652,505,778,659,662,628
82,713,-1,736,-19,702,-16,781,-4,698,-2,833,90,661,75,957,135,521,93,1026,169,376,89,777,385,675,378,774,525,676,499,792,644,673,614
83,712,-11,734,-27,701,-23,777,-14,702,-9,824,70,662,66,952,118,519,89,1030,153,374,83,773,359,676,356,772,511,676,493,791,647,676,612
84,692,-14,713,-30,679,-26,754,-15,675,-13,799,65,639,72,893,128,498,90,1006,156,358,85,750,373,649,363,749,511,648,492,774,641,650,613
85,680,0,703,-18,668,-17,741,-6,663,-6,784,78,621,75,879,136,487,97,989,160,346,93,735,378,639,371,735,508,632,491,757,644,637,614
86,658,-5,681,-23,647,-21,725,-13,646,-10,769,81,608,72,865,131,470,91,973,164,332,89,724,371,624,368,728,499,622,491,749,635,627,605
87,640,5,659,-11,626,-10,694,0,615,0,740,83,581,85,841,139,449,104,946,160,304,103,695,373,597,371,698,506,589,489,724,637,599,614
88,616,-11,637,-28,603,-27,675,-14,598,-13,719,74,559,69,821,119,423,86,924,151,285,93,678,358,581,358,686,489,571,480,705,621,584,596
89,604,12,625,-4,590,-3,664,5,583,4,707,92,543,91,809,137,410,108,908,159,276,114,668,374,571,371,671,502,569,489,697,627,571,608
90,595,10,614,-7,580,-5,646,2,572,5,694,89,533,90,798,132,400,109,903,162,262,110,654,372,560,369,663,497,557,490,687,622,558,608
91,593,28,613,8,579,9,650,14,576,15,695,101,535,102,804,144,408,125,904,177,266,132,654,386,562,383,663,515,559,504,683,634,559,627
92,598,31,615,13,583,13,654,15,577,20,699,101,539,105,810,145,410,126,909,172,269,131,667,384,573,381,680,507,562,491,702,629,569,620
93,608,47,626,29,593,27,660,32,590,35,708,116,547,119,819,159,411,139,922,190,281,148,675,405,579,403,679,529,578,521,703,645,583,642
94,629,53,648,34,613,36,685,35,604,41,729,126,567,125,840,167,441,148,940,201,307,153,697,412,600,409,704,538,589,523,719,655,601,642
95,652,44,671,24,636,25,705,25,625,28,755,123,590,122,866,163,463,147,975,181,330,146,713,411,618,409,726,536,612,525,745,650,619,639
96,652,37,671,18,637,18,703,22,621,24,748,119,583,118,864,159,463,141,972,191,327,140,706,398,610,396,713,521,601,501,731,643,604,631
97,648,39,666,19,632,19,700,21,620,25,745,116,579,116,855,162,452,137,958,188,321,140,700,405,603,398,705,529,594,516,720,639,599,637
98,638,58,653,41,621,39,680,43,608,46,729,130,565,132,836,183,437,150,939,204,307,161,689,421,588,413,691,538,582,533,704,652,581,643
99,604,30,623,11,588,12,650,18,574,19,693,108,530,108,798,163,403,130,909,185,272,127,651,382,553,380,657,509,542,500,670,633,538,620
100,590,31,609,12,574,12,642,14,561,16,687,105,519,106,797,154,397,128,897,179,259,136,644,382,546,377,652,507,539,506,662,624,537,619
101,599,16,617,-3,584,-3,647,3,570,5,693,89,525,88,807,140,404,108,916,162,268,119,651,368,553,364,661,496,547,493,672,612,537,607
102,577,27,596,7,561,8,629,10,547,13,676,100,508,103,792,145,378,123,895,173,245,130,637,381,532,377,642,508,526,505,649,623,526,629
103,554,44,571,26,537,24,602,28,523,30,650,113,481,117,763,157,355,140,879,181,226,151,620,384,516,385,630,516,514,515,640,630,516,628
104,539,32,556,13,523,13,587,11,508,16,639,107,471,109,753,144,342,138,863,166,213,147,608,377,511,374,620,503,509,507,638,614,506,618
105,527,8,543,-9,510,-8,568,-8,494,0,626,86,458,91,741,123,335,123,852,141,203,133,599,358,504,359,615,481,503,486,632,587,501,599
106,509,-8,529,-24,493,-21,556,-15,475,-11,612,68,446,80,724,115,311,108,839,122,184,127,587,341,491,343,601,468,494,480,620,574,492,588
107,485,-10,503,-28,470,-25,532,-16,450,-12,585,66,424,81,700,109,290,106,818,119,157,127,564,340,470,343,584,465,477,473,604,570,480,584
108,465,-20,484,-39,449,-31,512,-27,434,-17,573,47,406,64,683,85,272,91,805,101,138,112,558,325,460,332,574,446,463,460,595,540,463,574
109,465,-21,483,-35,449,-30,506,-22,434,-16,570,43,405,57,677,84,273,83,806,98,140,102,550,320,451,327,570,441,457,456,590,548,461,569
110,476,-30,492,-47,458,-37,515,-33,440,-22,574,28,411,48,689,76,286,75,812,93,149,95,552,312,457,319,574,429,462,445,589,530,463,558
111,481,-34,505,-45,468,-42,517,-40,449,-38,576,9,408,27,695,57,274,51,822,68,144,73,553,288,457,294,569,409,461,423,590,511,461,542
112,481,-53,497,-71,468,-61,523,-57,446,-59,580,-4,414,14,698,41,285,40,826,60,151,71,559,278,459,283,571,403,463,415,591,508,461,533
113,485,-21,502,-38,463,-38,525,-34,443,-37,580,11,408,16,700,49,284,45,826,66,158,71,554,285,452,285,566,409,456,422,577,515,450,538
114,463,-48,486,-57,450,-54,504,-49,425,-41,562,11,390,23,677,54,262,46,804,72,125,70,535,283,436,288,548,416,433,427,555,522,434,544
115,439,-16,460,-29,422,-25,483,-7,405,-4,541,60,373,73,653,92,250,97,770,110,102,118,518,323,419,324,521,461,413,476,536,579,402,604
116,438,10,453,-8,418,-5,475,-2,395,2,531,83,364,89,649,119,243,118,769,127,101,134,514,349,417,351,522,476,412,485,534,589,406,623
117,444,43,462,24,422,23,486,30,398,30,539,112,371,126,658,145,252,158,770,161,123,177,525,380,430,384,537,507,432,523,552,613,425,646
118,467,47,481,26,445,31,503,27,419,38,557,113,393,127,678,142,277,162,793,150,153,178,545,378,450,384,557,502,447,511,581,612,447,639
119,489,47,502,28,469,32,524,28,446,39,583,115,417,126,699,141,308,163,811,149,182,177,567,381,473,385,576,501,469,510,596,609,467,639
120,505,63,518,45,484,46,540,46,458,53,593,130,435,143,708,152,322,176,823,170,193,193,582,397,486,400,589,522,486,534,600,627,480,645
121,514,89,528,69,494,72,551,75,473,83,604,159,447,169,724,181,337,205,837,194,219,221,591,425,493,426,593,542,490,555,604,639,485,652
122,536,86,549,66,520,67,571,68,499,78,628,150,469,158,745,176,359,197,858,193,235,209,611,421,517,425,618,545,511,554,631,649,510,664
123,552,88,564,67,533,72,584,70,511,82,640,152,485,163,758,179,378,199,874,185,263,212,624,427,528,430,626,534,522,552,633,622,513,651
124,566,85,578,66,548,70,597,68,525,80,651,152,500,163,770,175,388,192,885,194,279,210,628,422,540,426,638,534,535,546,647,635,524,658
125,581,82,595,64,564,67,618,64,541,75,672,149,517,160,785,174,411,189,902,191,294,203,651,418,558,422,658,529,550,547,668,631,547,651
126,596,76,609,54,580,57,631,57,560,67,683,137,531,148,805,163,424,183,919,172,313,191,663,403,573,406,669,517,565,532,676,623,554,651
127,613,52,626,33,596,34,647,38,574,43,698,120,546,130,823,143,442,164,933,162,328,171,678,379,588,383,680,495,578,504,690,593,570,625
128,625,37,638,17,607,18,655,20,584,26,708,102,554,108,827,127,454,146,942,144,345,157,684,353,589,358,685,472,578,478,696,571,576,600
129,632,25,644,9,614,8,668,5,594,13,719,88,564,98,838,117,462,133,947,136,357,145,690,343,598,344,693,467,589,475,699,563,582,584
130,627,16,641,-3,609,0,662,-3,587,3,715,76,556,86,827,107,460,118,943,123,350,133,685,330,592,334,683,454,581,455,693,551,577,570
131,624,-7,640,-26,607,-25,664,-20,584,-17,710,60,558,70,823,91,456,100,937,95,345,117,680,314,590,317,676,434,577,441,688,538,571,554
132,622,5,635,-12,604,-9,655,-10,584,-2,703,69,552,75,813,102,457,113,928,111,346,124,677,314,583,316,677,440,573,451,684,539,568,560
133,616,14,629,-4,599,-2,649,-2,575,1,699,77,545,84,811,101,453,118,921,121,345,130,671,318,580,321,669,444,572,452,680,543,566,568
134,616,16,627,0,599,2,646,0,574,4,696,77,549,89,809,103,452,121,915,126,346,132,667,321,578,323,665,447,567,452,673,547,562,571
135,617,27,630,10,601,10,647,13,579,17,694,87,546,95,808,113,452,128,911,125,347,137,664,334,577,335,663,454,565,461,670,556,559,578
136,598,32,611,15,581,17,627,16,560,20,676,95,529,101,793,121,437,134,896,137,334,143,652,334,562,335,649,453,554,465,654,556,542,577
137,585,28,599,12,570,14,618,12,551,18,669,94,520,104,778,120,424,128,887,139,320,137,642,333,554,332,638,449,542,459,642,553,532,575
138,577,30,589,13,562,14,608,14,542,20,657,94,511,103,767,120,412,124,872,141,313,137,631,332,542,332,626,456,530,461,633,558,521,577
139,586,27,600,9,571,11,618,9,548,14,664,91,516,92,777,113,424,122,876,139,326,132,632,329,546,328,631,446,531,455,631,542,524,567
140,583,23,594,6,567,7,612,7,546,11,660,87,515,89,769,113,422,116,872,136,318,127,629,324,544,322,628,447,528,451,631,545,521,565
141,587,21,601,3,571,5,619,4,548,7,665,85,516,86,776,109,424,115,877,135,328,125,631,321,547,321,630,439,528,445,631,541,520,563
142,584,4,598,-12,568,-11,619,-7,546,-1,662,71,515,73,774,101,424,105,872,118,320,110,631,312,547,310,629,433,529,439,631,531,520,548
143,591,5,605,-11,575,-8,623,-6,552,-1,667,70,523,72,780,99,429,99,878,121,329,110,639,309,550,309,636,428,533,432,634,526,526,546
144,600,-1,615,-18,585,-15,632,-13,562,-7,675,67,532,68,793,97,434,94,896,119,335,107,648,309,562,310,644,426,548,437,646,519,539,547
145,617,-10,632,-26,602,-23,650,-19,581,-15,694,63,549,62,812,89,458,91,913,112,355,104,669,304,578,305,665,421,566,431,665,516,553,537
146,625,-12,640,-28,610,-23,658,-19,589,-12,704,59,559,57,816,89,459,84,920,111,358,99,671,306,581,305,667,427,568,431,669,521,560,540
147,650,10,663,-5,634,-4,676,-1,610,0,725,80,578,80,839,114,487,111,946,132,388,113,695,316,606,316,689,432,594,441,692,538,575,555
148,653,16,666,-2,637,0,684,-2,612,1,730,79,579,78,845,107,488,109,951,128,381,116,693,327,605,326,688,447,588,451,694,550,582,564
149,652,17,665,1,636,2,683,0,612,3,729,79,579,85,850,111,484,110,950,128,380,118,691,326,603,326,688,449,584,451,694,548,578,558
150,660,18,674,0,644,2,694,1,621,6,734,82,584,85,857,114,493,111,963,129,382,118,700,327,608,325,693,447,594,451,696,551,583,560
151,652,34,665,16,635,14,686,18,614,21,727,95,578,101,849,129,482,130,951,156,375,132,691,343,600,341,683,468,587,470,691,571,574,582
152,649,39,663,21,633,22,680,23,608,24,727,104,571,103,847,131,476,131,947,156,373,140,689,349,597,348,684,468,581,472,689,568,572,578
153,649,40,662,24,633,25,679,25,612,29,728,104,577,110,846,133,476,133,952,150,373,143,693,349,601,348,688,470,584,474,690,573,576,586
154,650,55,663,39,633,39,682,41,612,42,729,118,575,119,850,149,479,150,953,168,370,157,693,362,603,361,687,485,587,486,695,590,579,602
155,654,53,667,36,640,36,690,35,619,37,733,119,581,118,851,150,483,144,960,166,381,154,696,361,605,359,697,480,591,485,700,582,585,592
156,655,53,670,36,641,37,693,37,621,39,734,121,582,119,849,152,483,145,959,165,373,151,694,361,605,359,693,483,590,484,696,585,581,592
157,658,42,673,28,646,25,694,29,625,31,735,108,587,113,849,144,489,132,964,165,379,133,694,352,605,348,694,476,589,474,697,576,578,580
158,653,37,668,22,639,21,691,26,619,27,732,108,578,104,849,142,481,127,959,167,370,130,687,352,598,348,688,477,582,476,697,581,571,583
159,645,38,661,21,631,21,681,28,607,24,725,105,571,104,843,140,472,126,946,166,358,128,679,350,589,347,681,476,574,475,686,578,561,585
160,641,28,656,13,626,13,680,18,607,20,720,101,570,99,835,134,466,122,948,152,353,128,676,340,590,339,683,467,577,468,687,567,566,575
161,641,33,657,17,626,17,681,21,605,20,722,106,572,106,840,136,468,125,950,157,356,131,682,351,594,347,685,471,586,469,693,575,576,582
162,645,28,660,13,633,11,686,16,613,16,730,96,579,101,843,128,474,123,956,150,359,130,688,343,602,339,695,467,594,464,701,570,582,577
163,660,26,676,8,646,9,696,11,621,12,742,94,587,94,857,128,486,121,972,140,369,128,705,340,619,338,720,463,608,467,723,570,598,579
164,667,17,681,2,651,2,707,1,630,6,749,83,598,89,864,117,494,112,981,138,379,117,708,332,622,329,719,459,616,455,726,561,604,564
165,673,15,686,-4,657,0,711,-6,634,1,758,80,603,84,872,116,496,110,991,130,380,120,722,330,632,330,734,456,624,458,741,561,614,571
166,667,0,682,-16,651,-13,703,-12,627,-6,754,68,599,77,867,105,486,101,980,128,375,108,713,326,625,324,725,453,619,449,735,554,614,557
167,659,9,672,-7,643,-5,694,-3,621,3,742,78,590,85,853,115,486,113,970,132,361,117,705,329,615,327,719,455,612,457,730,562,609,567
168,663,18,676,2,647,3,698,0,622,3,748,86,594,89,864,116,486,112,974,140,369,122,710,337,621,334,726,461,618,466,741,572,615,579
169,670,31,684,15,653,16,710,15,630,17,755,98,596,103,871,133,491,131,979,148,378,137,720,354,632,353,737,479,626,480,748,591,621,594
170,679,29,694,10,664,12,718,10,644,15,764,97,608,98,882,132,498,120,994,148,379,129,725,353,633,351,743,479,628,473,755,588,622,585
171,677,34,692,17,661,18,716,19,641,23,763,105,605,105,879,141,499,128,985,161,377,139,722,359,631,357,736,483,624,483,748,595,621,592
172,694,46,708,29,678,30,732,35,661,37,777,116,617,118,889,156,514,144,1007,169,399,149,742,372,651,371,760,496,643,491,769,610,638,604
173,705,41,721,25,692,25,747,24,679,30,795,114,636,114,911,149,527,136,1022,168,416,145,758,371,668,371,778,495,657,491,788,604,659,606
174,723,44,739,25,708,26,767,23,696,29,814,114,653,116,930,147,546,142,1040,166,429,152,780,380,688,377,801,501,676,501,816,616,684,609
175,751,37,765,19,736,22,792,15,723,24,846,107,685,113,957,136,573,137,1065,160,459,148,820,372,722,373,831,491,714,497,852,608,720,602
176,775,39,791,22,761,22,823,18,748,27,872,106,709,114,993,139,596,136,1106,161,482,148,840,374,743,373,858,500,736,496,873,619,740,607
177,796,52,812,33,781,34,842,33,768,38,887,116,725,119,1008,149,612,142,1122,173,497,158,851,384,760,384,873,512,750,507,887,632,751,622
178,809,49,825,32,793,34,857,30,781,38,905,115,743,123,1026,150,626,144,1138,165,512,158,873,386,776,386,891,509,763,501,909,631,767,619
179,837,29,855,7,822,9,887,5,812,11,937,95,773,103,1064,136,659,130,1203,135,538,144,905,371,805,371,917,495,798,496,941,622,803,607
180,827,41,845,24,812,25,878,25,802,31,927,106,766,116,1053,148,648,144,1158,163,528,157,888,382,788,374,892,508,776,496,910,634,780,621
181,789,51,805,33,775,35,835,36,765,42,885,116,726,125,998,157,612,154,1116,173,492,163,847,390,753,387,860,517,750,510,891,640,758,626
182,759,49,776,33,746,34,808,33,741,41,859,117,703,126,975,154,578,150,1077,170,467,165,825,379,732,379,836,509,725,499,855,632,733,618
183,723,53,739,37,710,38,773,36,705,44,819,117,667,129,932,156,546,152,1031,168,429,166,789,383,698,383,803,510,694,502,829,625,706,618
184,697,43,714,25,685,27,748,22,683,31,801,113,645,119,904,143,522,149,1002,165,405,158,769,378,675,377,784,502,674,494,809,617,686,609
185,665,45,681,30,650,32,716,33,644,40,758,111,615,125,873,148,490,149,965,163,374,161,731,375,643,375,748,497,640,494,777,623,651,619
186,600,38,616,20,586,22,649,17,582,26,700,98,549,114,806,133,434,138,905,145,311,154,687,364,595,368,704,486,599,482,743,605,618,598
187,588,37,602,21,573,23,634,19,568,31,682,100,538,114,785,131,413,137,874,148,290,153,668,366,581,368,689,486,578,475,727,609,598,598
188,573,41,588,25,560,26,619,24,553,34,665,107,521,116,758,142,402,143,858,151,273,153,649,367,563,369,669,487,565,479,708,604,584,600
189,547,38,563,20,534,22,596,18,521,27,641,104,493,113,736,141,371,138,826,152,248,150,624,366,538,366,644,485,542,480,675,599,555,593
190,524,36,540,19,511,22,576,16,505,27,620,102,474,113,700,141,351,137,799,151,227,149,605,364,518,366,625,480,527,476,665,597,543,594
191,519,34,535,16,506,17,566,18,499,25,612,98,469,111,699,138,346,136,788,150,221,147,599,363,512,365,622,477,517,472,660,598,540,592
192,509,32,524,14,496,16,556,14,484,20,599,96,454,108,682,136,328,131,774,145,205,143,587,361,500,364,610,477,506,472,649,598,531,590
193,495,19,513,0,483,1,547,2,474,7,595,83,446,97,678,124,317,120,771,140,189,137,583,353,493,356,607,471,501,468,643,585,520,579
194,489,12,507,-8,477,-5,540,-3,469,2,585,78,439,91,661,121,312,119,761,128,183,126,576,347,486,351,596,466,496,463,639,586,517,577
195,482,9,499,-7,472,-5,534,-5,464,1,578,75,433,90,665,119,308,117,759,135,175,128,573,348,481,351,597,464,493,462,637,585,512,579
196,474,5,492,-12,464,-10,529,-9,463,-1,574,72,430,88,658,113,302,114,755,121,165,127,570,343,484,350,598,460,495,462,645,583,517,575
197,475,10,491,-7,464,-3,528,-4,455,4,572,79,427,94,660,118,298,126,757,133,168,136,570,346,483,351,598,466,501,467,644,589,520,584
198,474,15,491,-2,462,0,528,-1,455,7,570,78,428,97,654,120,298,125,752,124,171,141,569,346,485,351,599,467,498,462,643,589,522,583
199,475,15,491,-2,464,1,525,-1,456,5,572,77,427,99,655,121,298,125,752,136,169,142,570,351,485,354,600,471,503,469,650,597,527,588
